ENSG00000078369	GNB1	Gene Expression
ENSG00000078900	TP73	Gene Expression
ENSG00000116288	PARK7	Gene Expression
ENSG00000120948	TARDBP	Gene Expression
ENSG00000198793	MTOR	Gene Expression
ENSG00000177000	MTHFR	Gene Expression
ENSG00000011021	CLCN6	Gene Expression
ENSG00000120937	NPPB	Gene Expression
ENSG00000116688	MFN2	Gene Expression
ENSG00000028137	TNFRSF1B	Gene Expression
ENSG00000048707	VPS13D	Gene Expression
ENSG00000132906	CASP9	Gene Expression
ENSG00000142627	EPHA2	Gene Expression
ENSG00000159363	ATP13A2	Gene Expression
ENSG00000117115	PADI2	Gene Expression
ENSG00000188784	PLA2G2E	Gene Expression
ENSG00000188257	PLA2G2A	Gene Expression
ENSG00000158786	PLA2G2F	Gene Expression
ENSG00000158828	PINK1	Gene Expression
ENSG00000133216	EPHB2	Gene Expression
ENSG00000188822	CNR2	Gene Expression
ENSG00000116350	SRSF4	Gene Expression
ENSG00000116478	HDAC1	Gene Expression
ENSG00000163875	MEAF6	Gene Expression
ENSG00000131238	PPT1	Gene Expression
ENSG00000117394	SLC2A1	Gene Expression
ENSG00000066056	TIE1	Gene Expression
ENSG00000126091	ST3GAL3	Gene Expression
ENSG00000132781	MUTYH	Gene Expression
ENSG00000085998	POMGNT1	Gene Expression
ENSG00000186377	CYP4X1	Gene Expression
ENSG00000123473	STIL	Gene Expression
ENSG00000162409	PRKAA2	Gene Expression
ENSG00000177606	JUN	Gene Expression
ENSG00000116675	DNAJC6	Gene Expression
ENSG00000116678	LEPR	Gene Expression
ENSG00000172260	NEGR1	Gene Expression
ENSG00000142875	PRKACB	Gene Expression
ENSG00000137947	GTF2B	Gene Expression
ENSG00000118733	OLFM3	Gene Expression
ENSG00000162631	NTNG1	Gene Expression
ENSG00000116266	STXBP3	Gene Expression
ENSG00000181754	AMIGO1	Gene Expression
ENSG00000065135	GNAI3	Gene Expression
ENSG00000184371	CSF1	Gene Expression
ENSG00000171385	KCND3	Gene Expression
ENSG00000116752	BCAS2	Gene Expression
ENSG00000134259	NGF	Gene Expression
ENSG00000134250	NOTCH2	Gene Expression
ENSG00000143368	SF3B4	Gene Expression
ENSG00000117360	PRPF3	Gene Expression
ENSG00000143418	CERS2	Gene Expression
ENSG00000169418	NPR1	Gene Expression
ENSG00000160741	CRTC2	Gene Expression
ENSG00000160712	IL6R	Gene Expression
ENSG00000160716	CHRNB2	Gene Expression
ENSG00000143603	KCNN3	Gene Expression
ENSG00000143537	ADAM15	Gene Expression
ENSG00000169242	EFNA1	Gene Expression
ENSG00000177628	GBA	Gene Expression
ENSG00000160789	LMNA	Gene Expression
ENSG00000132688	NES	Gene Expression
ENSG00000198400	NTRK1	Gene Expression
ENSG00000162706	CADM3	Gene Expression
ENSG00000132693	CRP	Gene Expression
ENSG00000177807	KCNJ10	Gene Expression
ENSG00000018625	ATP1A2	Gene Expression
ENSG00000143258	USP21	Gene Expression
ENSG00000158887	MPZ	Gene Expression
ENSG00000173110	HSPA6	Gene Expression
ENSG00000118217	ATF6	Gene Expression
ENSG00000117560	FASLG	Gene Expression
ENSG00000116147	TNR	Gene Expression
ENSG00000157064	NMNAT2	Gene Expression
ENSG00000073756	PTGS2	Gene Expression
ENSG00000116711	PLA2G4A	Gene Expression
ENSG00000066279	ASPM	Gene Expression
ENSG00000081248	CACNA1S	Gene Expression
ENSG00000163485	ADORA1	Gene Expression
ENSG00000133048	CHI3L1	Gene Expression
ENSG00000117280	RAB29	Gene Expression
ENSG00000196188	CTSE	Gene Expression
ENSG00000266028	SRGAP2	Gene Expression
ENSG00000162889	MAPKAPK2	Gene Expression
ENSG00000136634	IL10	Gene Expression
ENSG00000203710	CR1	Gene Expression
ENSG00000174059	CD34	Gene Expression
ENSG00000092969	TGFB2	Gene Expression
ENSG00000143799	PARP1	Gene Expression
ENSG00000143801	PSEN2	Gene Expression
ENSG00000135744	AGT	Gene Expression
ENSG00000135766	EGLN1	Gene Expression
ENSG00000162946	DISC1	Gene Expression
ENSG00000198626	RYR2	Gene Expression
ENSG00000133019	CHRM3	Gene Expression
ENSG00000117020	AKT3	Gene Expression
ENSG00000162711	NLRP3	Gene Expression
ENSG00000151694	ADAM17	Gene Expression
ENSG00000115756	HPCAL1	Gene Expression
ENSG00000134323	MYCN	Gene Expression
ENSG00000115138	POMC	Gene Expression
ENSG00000171094	ALK	Gene Expression
ENSG00000172954	LCLAT1	Gene Expression
ENSG00000021574	SPAST	Gene Expression
ENSG00000183023	SLC8A1	Gene Expression
ENSG00000138083	SIX3	Gene Expression
ENSG00000171132	PRKCE	Gene Expression
ENSG00000116016	EPAS1	Gene Expression
ENSG00000116062	MSH6	Gene Expression
ENSG00000179915	NRXN1	Gene Expression
ENSG00000068912	ERLEC1	Gene Expression
ENSG00000115310	RTN4	Gene Expression
ENSG00000198380	GFPT1	Gene Expression
ENSG00000116001	TIA1	Gene Expression
ENSG00000204843	DCTN1	Gene Expression
ENSG00000115317	HTRA2	Gene Expression
ENSG00000115353	TACR1	Gene Expression
ENSG00000115525	ST3GAL5	Gene Expression
ENSG00000153563	CD8A	Gene Expression
ENSG00000115593	SMYD1	Gene Expression
ENSG00000172005	MAL	Gene Expression
ENSG00000040933	INPP4A	Gene Expression
ENSG00000115594	IL1R1	Gene Expression
ENSG00000144061	NPHP1	Gene Expression
ENSG00000115008	IL1A	Gene Expression
ENSG00000125538	IL1B	Gene Expression
ENSG00000136689	IL1RN	Gene Expression
ENSG00000019169	MARCO	Gene Expression
ENSG00000163083	INHBB	Gene Expression
ENSG00000136717	BIN1	Gene Expression
ENSG00000136699	SMPD4	Gene Expression
ENSG00000121966	CXCR4	Gene Expression
ENSG00000169554	ZEB2	Gene Expression
ENSG00000115947	ORC4	Gene Expression
ENSG00000182389	CACNB4	Gene Expression
ENSG00000153234	NR4A2	Gene Expression
ENSG00000136535	TBR1	Gene Expression
ENSG00000144290	SLC4A10	Gene Expression
ENSG00000115263	GCG	Gene Expression
ENSG00000136531	SCN2A	Gene Expression
ENSG00000144285	SCN1A	Gene Expression
ENSG00000169432	SCN9A	Gene Expression
ENSG00000172292	CERS6	Gene Expression
ENSG00000163072	NOSTRIN	Gene Expression
ENSG00000128683	GAD1	Gene Expression
ENSG00000144355	DLX1	Gene Expression
ENSG00000115844	DLX2	Gene Expression
ENSG00000138435	CHRNA1	Gene Expression
ENSG00000116044	NFE2L2	Gene Expression
ENSG00000180228	PRKRA	Gene Expression
ENSG00000115419	GLS	Gene Expression
ENSG00000115415	STAT1	Gene Expression
ENSG00000064012	CASP8	Gene Expression
ENSG00000155755	TMEM237	Gene Expression
ENSG00000003393	ALS2	Gene Expression
ENSG00000118257	NRP2	Gene Expression
ENSG00000118260	CREB1	Gene Expression
ENSG00000138413	IDH1	Gene Expression
ENSG00000078018	MAP2	Gene Expression
ENSG00000178568	ERBB4	Gene Expression
ENSG00000115414	FN1	Gene Expression
ENSG00000115457	IGFBP2	Gene Expression
ENSG00000127838	PNKD	Gene Expression
ENSG00000018280	SLC11A1	Gene Expression
ENSG00000135929	CYP27A1	Gene Expression
ENSG00000115596	WNT6	Gene Expression
ENSG00000135925	WNT10A	Gene Expression
ENSG00000127824	TUBA4A	Gene Expression
ENSG00000054356	PTPRN	Gene Expression
ENSG00000175084	DES	Gene Expression
ENSG00000116106	EPHA4	Gene Expression
ENSG00000135903	PAX3	Gene Expression
ENSG00000036257	CUL3	Gene Expression
ENSG00000067066	SP100	Gene Expression
ENSG00000135932	CAB39	Gene Expression
ENSG00000115053	NCL	Gene Expression
ENSG00000204120	GIGYF2	Gene Expression
ENSG00000168918	INPP5D	Gene Expression
ENSG00000134121	CHL1	Gene Expression
ENSG00000144619	CNTN4	Gene Expression
ENSG00000150995	ITPR1	Gene Expression
ENSG00000180914	OXTR	Gene Expression
ENSG00000196220	SRGAP3	Gene Expression
ENSG00000134086	VHL	Gene Expression
ENSG00000157017	GHRL	Gene Expression
ENSG00000132170	PPARG	Gene Expression
ENSG00000132155	RAF1	Gene Expression
ENSG00000131389	SLC6A6	Gene Expression
ENSG00000154822	PLCL2	Gene Expression
ENSG00000163513	TGFBR2	Gene Expression
ENSG00000152642	GPD1L	Gene Expression
ENSG00000060971	ACAA1	Gene Expression
ENSG00000172936	MYD88	Gene Expression
ENSG00000183873	SCN5A	Gene Expression
ENSG00000168329	CX3CR1	Gene Expression
ENSG00000168036	CTNNB1	Gene Expression
ENSG00000187094	CCK	Gene Expression
ENSG00000121807	CCR2	Gene Expression
ENSG00000160791	CCR5	Gene Expression
ENSG00000172037	LAMB2	Gene Expression
ENSG00000067560	RHOA	Gene Expression
ENSG00000114353	GNAI2	Gene Expression
ENSG00000164082	GRM2	Gene Expression
ENSG00000164087	POC1A	Gene Expression
ENSG00000114841	DNAH1	Gene Expression
ENSG00000010327	STAB1	Gene Expression
ENSG00000157388	CACNA1D	Gene Expression
ENSG00000163618	CADPS	Gene Expression
ENSG00000163635	ATXN7	Gene Expression
ENSG00000169855	ROBO1	Gene Expression
ENSG00000083937	CHMP2B	Gene Expression
ENSG00000044524	EPHA3	Gene Expression
ENSG00000080224	EPHA6	Gene Expression
ENSG00000183185	GABRR3	Gene Expression
ENSG00000114573	ATP6V1A	Gene Expression
ENSG00000082701	GSK3B	Gene Expression
ENSG00000173175	ADCY5	Gene Expression
ENSG00000144908	ALDH1L1	Gene Expression
ENSG00000179348	GATA2	Gene Expression
ENSG00000091513	TF	Gene Expression
ENSG00000051382	PIK3CB	Gene Expression
ENSG00000120756	PLS1	Gene Expression
ENSG00000152952	PLOD2	Gene Expression
ENSG00000144891	AGTR1	Gene Expression
ENSG00000047457	CP	Gene Expression
ENSG00000169313	P2RY12	Gene Expression
ENSG00000196549	MME	Gene Expression
ENSG00000163590	PPM1L	Gene Expression
ENSG00000114200	BCHE	Gene Expression
ENSG00000163536	SERPINI1	Gene Expression
ENSG00000121858	TNFSF10	Gene Expression
ENSG00000121879	PIK3CA	Gene Expression
ENSG00000181449	SOX2	Gene Expression
ENSG00000114867	EIF4G1	Gene Expression
ENSG00000163882	POLR2H	Gene Expression
ENSG00000163923	RPL39L	Gene Expression
ENSG00000157005	SST	Gene Expression
ENSG00000114279	FGF12	Gene Expression
ENSG00000198836	OPA1	Gene Expression
ENSG00000189058	APOD	Gene Expression
ENSG00000168993	CPLX1	Gene Expression
ENSG00000178950	GAK	Gene Expression
ENSG00000068078	FGFR3	Gene Expression
ENSG00000185049	NELFA	Gene Expression
ENSG00000197386	HTT	Gene Expression
ENSG00000184160	ADRA2C	Gene Expression
ENSG00000109501	WFS1	Gene Expression
ENSG00000007062	PROM1	Gene Expression
ENSG00000145147	SLIT2	Gene Expression
ENSG00000109819	PPARGC1A	Gene Expression
ENSG00000078140	UBE2K	Gene Expression
ENSG00000154277	UCHL1	Gene Expression
ENSG00000163285	GABRG1	Gene Expression
ENSG00000151834	GABRA2	Gene Expression
ENSG00000109158	GABRA4	Gene Expression
ENSG00000134853	PDGFRA	Gene Expression
ENSG00000157404	KIT	Gene Expression
ENSG00000128052	KDR	Gene Expression
ENSG00000174799	CEP135	Gene Expression
ENSG00000084093	REST	Gene Expression
ENSG00000047315	POLR2B	Gene Expression
ENSG00000145242	EPHA5	Gene Expression
ENSG00000109163	GNRHR	Gene Expression
ENSG00000163631	ALB	Gene Expression
ENSG00000169429	CXCL8	Gene Expression
ENSG00000169245	CXCL10	Gene Expression
ENSG00000169248	CXCL11	Gene Expression
ENSG00000138760	SCARB2	Gene Expression
ENSG00000173085	COQ2	Gene Expression
ENSG00000163624	CDS1	Gene Expression
ENSG00000109339	MAPK10	Gene Expression
ENSG00000118785	SPP1	Gene Expression
ENSG00000118777	ABCG2	Gene Expression
ENSG00000145335	SNCA	Gene Expression
ENSG00000163106	HPGDS	Gene Expression
ENSG00000164035	EMCN	Gene Expression
ENSG00000138814	PPP3CA	Gene Expression
ENSG00000109320	NFKB1	Gene Expression
ENSG00000138794	CASP6	Gene Expression
ENSG00000138798	EGF	Gene Expression
ENSG00000145349	CAMK2D	Gene Expression
ENSG00000174607	UGT8	Gene Expression
ENSG00000109471	IL2	Gene Expression
ENSG00000138685	FGF2	Gene Expression
ENSG00000164073	MFSD8	Gene Expression
ENSG00000164164	OTUD4	Gene Expression
ENSG00000151623	NR3C2	Gene Expression
ENSG00000137462	TLR2	Gene Expression
ENSG00000061918	GUCY1B1	Gene Expression
ENSG00000109738	GLRB	Gene Expression
ENSG00000120251	GRIA2	Gene Expression
ENSG00000109756	RAPGEF2	Gene Expression
ENSG00000137601	NEK1	Gene Expression
ENSG00000164305	CASP3	Gene Expression
ENSG00000164342	TLR3	Gene Expression
ENSG00000164362	TERT	Gene Expression
ENSG00000142319	SLC6A3	Gene Expression
ENSG00000133398	MED10	Gene Expression
ENSG00000079215	SLC1A3	Gene Expression
ENSG00000168621	GDNF	Gene Expression
ENSG00000145623	OSMR	Gene Expression
ENSG00000039537	C6	Gene Expression
ENSG00000164588	HCN1	Gene Expression
ENSG00000152932	RAB3C	Gene Expression
ENSG00000113448	PDE4D	Gene Expression
ENSG00000178394	HTR1A	Gene Expression
ENSG00000145675	PIK3R1	Gene Expression
ENSG00000134058	CDK7	Gene Expression
ENSG00000273841	TAF9	Gene Expression
ENSG00000197822	OCLN	Gene Expression
ENSG00000172062	SMN1	Gene Expression
ENSG00000049860	HEXB	Gene Expression
ENSG00000164251	F2RL1	Gene Expression
ENSG00000152413	HOMER1	Gene Expression
ENSG00000134480	CCNH	Gene Expression
ENSG00000081189	MEF2C	Gene Expression
ENSG00000153113	CAST	Gene Expression
ENSG00000174132	FAM174A	Gene Expression
ENSG00000184349	EFNA5	Gene Expression
ENSG00000152495	CAMK4	Gene Expression
ENSG00000134982	APC	Gene Expression
ENSG00000177879	AP3S1	Gene Expression
ENSG00000113083	LOX	Gene Expression
ENSG00000064692	SNCAIP	Gene Expression
ENSG00000164904	ALDH7A1	Gene Expression
ENSG00000113368	LMNB1	Gene Expression
ENSG00000064651	SLC12A2	Gene Expression
ENSG00000113520	IL4	Gene Expression
ENSG00000131437	KIF3A	Gene Expression
ENSG00000113575	PPP2CA	Gene Expression
ENSG00000112981	NME5	Gene Expression
ENSG00000120738	EGR1	Gene Expression
ENSG00000280987	MATR3	Gene Expression
ENSG00000015479	MATR3	Gene Expression
ENSG00000170458	CD14	Gene Expression
ENSG00000113580	NR3C1	Gene Expression
ENSG00000113649	TCERG1	Gene Expression
ENSG00000164270	HTR4	Gene Expression
ENSG00000169252	ADRB2	Gene Expression
ENSG00000169247	SH3TC2	Gene Expression
ENSG00000113712	CSNK1A1	Gene Expression
ENSG00000182578	CSF1R	Gene Expression
ENSG00000113721	PDGFRB	Gene Expression
ENSG00000113140	SPARC	Gene Expression
ENSG00000155511	GRIA1	Gene Expression
ENSG00000164609	SLU7	Gene Expression
ENSG00000145864	GABRB2	Gene Expression
ENSG00000022355	GABRA1	Gene Expression
ENSG00000113327	GABRG2	Gene Expression
ENSG00000145934	TENM2	Gene Expression
ENSG00000184347	SLIT3	Gene Expression
ENSG00000094755	GABRP	Gene Expression
ENSG00000113732	ATP6V0E1	Gene Expression
ENSG00000113739	STC2	Gene Expression
ENSG00000184845	DRD1	Gene Expression
ENSG00000074317	SNCB	Gene Expression
ENSG00000161011	SQSTM1	Gene Expression
ENSG00000050748	MAPK9	Gene Expression
ENSG00000037280	FLT4	Gene Expression
ENSG00000124570	SERPINB6	Gene Expression
ENSG00000078401	EDN1	Gene Expression
ENSG00000172179	PRL	Gene Expression
ENSG00000204655	MOG	Gene Expression
ENSG00000206503	HLA-A	Gene Expression
ENSG00000204531	POU5F1	Gene Expression
ENSG00000234745	HLA-B	Gene Expression
ENSG00000213760	ATP6V1G2	Gene Expression
ENSG00000232810	TNF	Gene Expression
ENSG00000204472	AIF1	Gene Expression
ENSG00000204392	LSM2	Gene Expression
ENSG00000204305	AGER	Gene Expression
ENSG00000204301	NOTCH4	Gene Expression
ENSG00000204290	BTNL2	Gene Expression
ENSG00000204287	HLA-DRA	Gene Expression
ENSG00000196126	HLA-DRB1	Gene Expression
ENSG00000204264	PSMB8	Gene Expression
ENSG00000240065	PSMB9	Gene Expression
ENSG00000204227	RING1	Gene Expression
ENSG00000096433	ITPR3	Gene Expression
ENSG00000124762	CDKN1A	Gene Expression
ENSG00000095970	TREM2	Gene Expression
ENSG00000124731	TREM1	Gene Expression
ENSG00000112715	VEGFA	Gene Expression
ENSG00000198087	CD2AP	Gene Expression
ENSG00000096093	EFHC1	Gene Expression
ENSG00000079841	RIMS1	Gene Expression
ENSG00000156508	EEF1A1	Gene Expression
ENSG00000135312	HTR1B	Gene Expression
ENSG00000065609	SNAP91	Gene Expression
ENSG00000146282	RARS2	Gene Expression
ENSG00000118432	CNR1	Gene Expression
ENSG00000146276	GABRR1	Gene Expression
ENSG00000135333	EPHA7	Gene Expression
ENSG00000164418	GRIK2	Gene Expression
ENSG00000057663	ATG5	Gene Expression
ENSG00000112367	FIG4	Gene Expression
ENSG00000168438	CDC40	Gene Expression
ENSG00000010810	FYN	Gene Expression
ENSG00000196591	HDAC2	Gene Expression
ENSG00000152661	GJA1	Gene Expression
ENSG00000196569	LAMA2	Gene Expression
ENSG00000028839	TBPL1	Gene Expression
ENSG00000118515	SGK1	Gene Expression
ENSG00000152822	GRM1	Gene Expression
ENSG00000186625	KATNA1	Gene Expression
ENSG00000091831	ESR1	Gene Expression
ENSG00000120279	MYCT1	Gene Expression
ENSG00000146469	VIP	Gene Expression
ENSG00000112038	OPRM1	Gene Expression
ENSG00000074706	IPCEF1	Gene Expression
ENSG00000112096	SOD2	Gene Expression
ENSG00000185345	PRKN	Gene Expression
ENSG00000112531	QKI	Gene Expression
ENSG00000112592	TBP	Gene Expression
ENSG00000188191	PRKAR1B	Gene Expression
ENSG00000011275	RNF216	Gene Expression
ENSG00000136238	RAC1	Gene Expression
ENSG00000136240	KDELR2	Gene Expression
ENSG00000106460	TMEM106B	Gene Expression
ENSG00000136267	DGKB	Gene Expression
ENSG00000106537	TSPAN13	Gene Expression
ENSG00000105849	TWISTNB	Gene Expression
ENSG00000136244	IL6	Gene Expression
ENSG00000122591	FAM126A	Gene Expression
ENSG00000122585	NPY	Gene Expression
ENSG00000172115	CYCS	Gene Expression
ENSG00000122566	HNRNPA2B1	Gene Expression
ENSG00000105996	HOXA2	Gene Expression
ENSG00000240583	AQP1	Gene Expression
ENSG00000086288	NME8	Gene Expression
ENSG00000078053	AMPH	Gene Expression
ENSG00000136279	DBNL	Gene Expression
ENSG00000058404	CAMK2B	Gene Expression
ENSG00000132437	DDC	Gene Expression
ENSG00000146648	EGFR	Gene Expression
ENSG00000106153	CHCHD2	Gene Expression
ENSG00000169919	GUSB	Gene Expression
ENSG00000154710	RABGEF1	Gene Expression
ENSG00000106089	STX1A	Gene Expression
ENSG00000006704	GTF2IRD1	Gene Expression
ENSG00000158517	NCF1	Gene Expression
ENSG00000106211	HSPB1	Gene Expression
ENSG00000127955	GNAI1	Gene Expression
ENSG00000019991	HGF	Gene Expression
ENSG00000075213	SEMA3A	Gene Expression
ENSG00000198822	GRM3	Gene Expression
ENSG00000085563	ABCB1	Gene Expression
ENSG00000075142	SRI	Gene Expression
ENSG00000127928	GNGT1	Gene Expression
ENSG00000006128	TAC1	Gene Expression
ENSG00000078487	ZCWPW1	Gene Expression
ENSG00000130427	EPO	Gene Expression
ENSG00000087085	ACHE	Gene Expression
ENSG00000106366	SERPINE1	Gene Expression
ENSG00000106367	AP1S1	Gene Expression
ENSG00000106404	CLDN15	Gene Expression
ENSG00000005075	POLR2J	Gene Expression
ENSG00000170632	ARMC10	Gene Expression
ENSG00000189056	RELN	Gene Expression
ENSG00000105835	NAMPT	Gene Expression
ENSG00000091140	DLD	Gene Expression
ENSG00000128573	FOXP2	Gene Expression
ENSG00000105974	CAV1	Gene Expression
ENSG00000105976	MET	Gene Expression
ENSG00000001626	CFTR	Gene Expression
ENSG00000170775	GPR37	Gene Expression
ENSG00000179603	GRM8	Gene Expression
ENSG00000128594	LRRC4	Gene Expression
ENSG00000174697	LEP	Gene Expression
ENSG00000106477	CEP41	Gene Expression
ENSG00000181072	CHRM2	Gene Expression
ENSG00000157764	BRAF	Gene Expression
ENSG00000197993	KEL	Gene Expression
ENSG00000146904	EPHA1	Gene Expression
ENSG00000174469	CNTNAP2	Gene Expression
ENSG00000055130	CUL1	Gene Expression
ENSG00000171130	ATP6V0E2	Gene Expression
ENSG00000188707	ZBED6CL	Gene Expression
ENSG00000127399	LRRC61	Gene Expression
ENSG00000164867	NOS3	Gene Expression
ENSG00000164885	CDK5	Gene Expression
ENSG00000106615	RHEB	Gene Expression
ENSG00000157219	HTR5A	Gene Expression
ENSG00000164778	EN2	Gene Expression
ENSG00000164690	SHH	Gene Expression
ENSG00000155093	PTPRN2	Gene Expression
ENSG00000182372	CLN8	Gene Expression
ENSG00000104728	ARHGEF10	Gene Expression
ENSG00000091879	ANGPT2	Gene Expression
ENSG00000175445	LPL	Gene Expression
ENSG00000120910	PPP3CC	Gene Expression
ENSG00000120889	TNFRSF10B	Gene Expression
ENSG00000173530	TNFRSF10D	Gene Expression
ENSG00000104689	TNFRSF10A	Gene Expression
ENSG00000197217	ENTPD4	Gene Expression
ENSG00000159167	STC1	Gene Expression
ENSG00000277586	NEFL	Gene Expression
ENSG00000147437	GNRH1	Gene Expression
ENSG00000120899	PTK2B	Gene Expression
ENSG00000120885	CLU	Gene Expression
ENSG00000104687	GSR	Gene Expression
ENSG00000157168	NRG1	Gene Expression
ENSG00000077782	FGFR1	Gene Expression
ENSG00000131203	IDO1	Gene Expression
ENSG00000070718	AP3M2	Gene Expression
ENSG00000104365	IKBKB	Gene Expression
ENSG00000131931	THAP1	Gene Expression
ENSG00000082556	OPRK1	Gene Expression
ENSG00000047249	ATP6V1H	Gene Expression
ENSG00000120992	LYPLA1	Gene Expression
ENSG00000104388	RAB2A	Gene Expression
ENSG00000147571	CRH	Gene Expression
ENSG00000104321	TRPA1	Gene Expression
ENSG00000133742	CA1	Gene Expression
ENSG00000104267	CA2	Gene Expression
ENSG00000156103	MMP16	Gene Expression
ENSG00000104327	CALB1	Gene Expression
ENSG00000164953	TMEM67	Gene Expression
ENSG00000164938	TP53INP1	Gene Expression
ENSG00000156471	PTDSS1	Gene Expression
ENSG00000147669	POLR2K	Gene Expression
ENSG00000164830	OXR1	Gene Expression
ENSG00000164761	TNFRSF11B	Gene Expression
ENSG00000136997	MYC	Gene Expression
ENSG00000155897	ADCY8	Gene Expression
ENSG00000132294	EFR3A	Gene Expression
ENSG00000184156	KCNQ3	Gene Expression
ENSG00000155926	SLA	Gene Expression
ENSG00000169427	KCNK9	Gene Expression
ENSG00000169398	PTK2	Gene Expression
ENSG00000181790	ADGRB1	Gene Expression
ENSG00000198576	ARC	Gene Expression
ENSG00000106688	SLC1A1	Gene Expression
ENSG00000147853	AK3	Gene Expression
ENSG00000147869	CER1	Gene Expression
ENSG00000147889	CDKN2A	Gene Expression
ENSG00000147894	C9orf72	Gene Expression
ENSG00000137074	APTX	Gene Expression
ENSG00000164976	MYORG	Gene Expression
ENSG00000147955	SIGMAR1	Gene Expression
ENSG00000165280	VCP	Gene Expression
ENSG00000165059	PRKACG	Gene Expression
ENSG00000165060	FXN	Gene Expression
ENSG00000165092	ALDH1A1	Gene Expression
ENSG00000156052	GNAQ	Gene Expression
ENSG00000135018	UBQLN1	Gene Expression
ENSG00000148053	NTRK2	Gene Expression
ENSG00000197724	PHF2	Gene Expression
ENSG00000165029	ABCA1	Gene Expression
ENSG00000106692	FKTN	Gene Expression
ENSG00000119318	RAD23B	Gene Expression
ENSG00000198121	LPAR1	Gene Expression
ENSG00000148154	UGCG	Gene Expression
ENSG00000041982	TNC	Gene Expression
ENSG00000136869	TLR4	Gene Expression
ENSG00000136861	CDK5RAP2	Gene Expression
ENSG00000119403	PHF19	Gene Expression
ENSG00000106804	C5	Gene Expression
ENSG00000148180	GSN	Gene Expression
ENSG00000136854	STXBP1	Gene Expression
ENSG00000106991	ENG	Gene Expression
ENSG00000136827	TOR1A	Gene Expression
ENSG00000097007	ABL1	Gene Expression
ENSG00000107290	SETX	Gene Expression
ENSG00000165699	TSC1	Gene Expression
ENSG00000123454	DBH	Gene Expression
ENSG00000107147	KCNT1	Gene Expression
ENSG00000148400	NOTCH1	Gene Expression
ENSG00000172889	EGFL7	Gene Expression
ENSG00000107317	PTGDS	Gene Expression
ENSG00000054179	ENTPD2	Gene Expression
ENSG00000176884	GRIN1	Gene Expression
ENSG00000181090	EHMT1	Gene Expression
ENSG00000148408	CACNA1B	Gene Expression
ENSG00000178372	CALML5	Gene Expression
ENSG00000134470	IL15RA	Gene Expression
ENSG00000065675	PRKCQ	Gene Expression
ENSG00000123240	OPTN	Gene Expression
ENSG00000165995	CACNB2	Gene Expression
ENSG00000168283	BMI1	Gene Expression
ENSG00000136750	GAD2	Gene Expression
ENSG00000099250	NRP1	Gene Expression
ENSG00000108094	CUL2	Gene Expression
ENSG00000165731	RET	Gene Expression
ENSG00000107562	CXCL12	Gene Expression
ENSG00000107643	MAPK8	Gene Expression
ENSG00000070748	CHAT	Gene Expression
ENSG00000187714	SLC18A3	Gene Expression
ENSG00000107984	DKK1	Gene Expression
ENSG00000108064	TFAM	Gene Expression
ENSG00000122877	EGR2	Gene Expression
ENSG00000096717	SIRT1	Gene Expression
ENSG00000198954	KIF1BP	Gene Expression
ENSG00000180644	PRF1	Gene Expression
ENSG00000166224	SGPL1	Gene Expression
ENSG00000122884	P4HA1	Gene Expression
ENSG00000107758	PPP3CB	Gene Expression
ENSG00000148660	CAMK2G	Gene Expression
ENSG00000122861	PLAU	Gene Expression
ENSG00000156113	KCNMA1	Gene Expression
ENSG00000122359	ANXA11	Gene Expression
ENSG00000173269	MMRN2	Gene Expression
ENSG00000148672	GLUD1	Gene Expression
ENSG00000171862	PTEN	Gene Expression
ENSG00000138134	STAMBPL1	Gene Expression
ENSG00000026103	FAS	Gene Expression
ENSG00000119912	IDE	Gene Expression
ENSG00000108231	LGI1	Gene Expression
ENSG00000138185	ENTPD1	Gene Expression
ENSG00000187122	SLIT1	Gene Expression
ENSG00000171314	PGAM1	Gene Expression
ENSG00000075891	PAX2	Gene Expression
ENSG00000107815	TWNK	Gene Expression
ENSG00000148798	INA	Gene Expression
ENSG00000156395	SORCS3	Gene Expression
ENSG00000150594	ADRA2A	Gene Expression
ENSG00000165806	CASP7	Gene Expression
ENSG00000043591	ADRB1	Gene Expression
ENSG00000165646	SLC18A2	Gene Expression
ENSG00000198825	INPP5F	Gene Expression
ENSG00000187908	DMBT1	Gene Expression
ENSG00000148773	MKI67	Gene Expression
ENSG00000170430	MGMT	Gene Expression
ENSG00000176171	BNIP3	Gene Expression
ENSG00000148826	NKX6-2	Gene Expression
ENSG00000174915	PTDSS2	Gene Expression
ENSG00000174775	HRAS	Gene Expression
ENSG00000069696	DRD4	Gene Expression
ENSG00000184524	CEND1	Gene Expression
ENSG00000177700	POLR2L	Gene Expression
ENSG00000183020	AP2A2	Gene Expression
ENSG00000117984	CTSD	Gene Expression
ENSG00000167244	IGF2	Gene Expression
ENSG00000254647	INS	Gene Expression
ENSG00000180176	TH	Gene Expression
ENSG00000183734	ASCL2	Gene Expression
ENSG00000110148	CCKBR	Gene Expression
ENSG00000166313	APBB1	Gene Expression
ENSG00000166337	TAF10	Gene Expression
ENSG00000166340	TPP1	Gene Expression
ENSG00000148926	ADM	Gene Expression
ENSG00000110680	CALCA	Gene Expression
ENSG00000129167	TPH1	Gene Expression
ENSG00000110768	GTF2H1	Gene Expression
ENSG00000166796	LDHC	Gene Expression
ENSG00000091664	SLC17A6	Gene Expression
ENSG00000183161	FANCF	Gene Expression
ENSG00000134343	ANO3	Gene Expression
ENSG00000176697	BDNF	Gene Expression
ENSG00000007372	PAX6	Gene Expression
ENSG00000184937	WT1	Gene Expression
ENSG00000026508	CD44	Gene Expression
ENSG00000110436	SLC1A2	Gene Expression
ENSG00000019505	SYT13	Gene Expression
ENSG00000135365	PHF21A	Gene Expression
ENSG00000180210	F2	Gene Expression
ENSG00000066336	SPI1	Gene Expression
ENSG00000149187	CELF1	Gene Expression
ENSG00000086205	FOLH1	Gene Expression
ENSG00000242689	CNTF	Gene Expression
ENSG00000110079	MS4A4A	Gene Expression
ENSG00000166926	MS4A6E	Gene Expression
ENSG00000187049	TMEM216	Gene Expression
ENSG00000011347	SYT7	Gene Expression
ENSG00000134780	DAGLA	Gene Expression
ENSG00000124920	MYRF	Gene Expression
ENSG00000149480	MTA2	Gene Expression
ENSG00000162227	TAF6L	Gene Expression
ENSG00000168539	CHRM1	Gene Expression
ENSG00000176485	PLAAT3	Gene Expression
ENSG00000072518	MARK2	Gene Expression
ENSG00000173511	VEGFB	Gene Expression
ENSG00000149782	PLCB3	Gene Expression
ENSG00000002330	BAD	Gene Expression
ENSG00000014216	CAPN1	Gene Expression
ENSG00000173039	RELA	Gene Expression
ENSG00000175467	SART1	Gene Expression
ENSG00000087365	SF3B2	Gene Expression
ENSG00000174576	NPAS4	Gene Expression
ENSG00000173992	CCS	Gene Expression
ENSG00000173898	SPTBN2	Gene Expression
ENSG00000084207	GSTP1	Gene Expression
ENSG00000110719	TCIRG1	Gene Expression
ENSG00000069482	GAL	Gene Expression
ENSG00000110092	CCND1	Gene Expression
ENSG00000162105	SHANK2	Gene Expression
ENSG00000172893	DHCR7	Gene Expression
ENSG00000110195	FOLR1	Gene Expression
ENSG00000149269	PAK1	Gene Expression
ENSG00000073921	PICALM	Gene Expression
ENSG00000123892	RAB38	Gene Expression
ENSG00000109861	CTSC	Gene Expression
ENSG00000168959	GRM5	Gene Expression
ENSG00000149968	MMP3	Gene Expression
ENSG00000262406	MMP12	Gene Expression
ENSG00000137752	CASP1	Gene Expression
ENSG00000152578	GRIA4	Gene Expression
ENSG00000149311	ATM	Gene Expression
ENSG00000137710	RDX	Gene Expression
ENSG00000109846	CRYAB	Gene Expression
ENSG00000150768	DLAT	Gene Expression
ENSG00000150782	IL18	Gene Expression
ENSG00000149294	NCAM1	Gene Expression
ENSG00000149295	DRD2	Gene Expression
ENSG00000166736	HTR3A	Gene Expression
ENSG00000118137	APOA1	Gene Expression
ENSG00000186318	BACE1	Gene Expression
ENSG00000110324	IL10RA	Gene Expression
ENSG00000154096	THY1	Gene Expression
ENSG00000137642	SORL1	Gene Expression
ENSG00000149564	ESAM	Gene Expression
ENSG00000166086	JAM3	Gene Expression
ENSG00000171840	NINJ2	Gene Expression
ENSG00000151067	CACNA1C	Gene Expression
ENSG00000111262	KCNA1	Gene Expression
ENSG00000185652	NTF3	Gene Expression
ENSG00000010278	CD9	Gene Expression
ENSG00000067182	TNFRSF1A	Gene Expression
ENSG00000111321	LTBR	Gene Expression
ENSG00000111642	CHD4	Gene Expression
ENSG00000010610	CD4	Gene Expression
ENSG00000111674	ENO2	Gene Expression
ENSG00000177575	CD163	Gene Expression
ENSG00000059804	SLC2A3	Gene Expression
ENSG00000173391	OLR1	Gene Expression
ENSG00000111276	CDKN1B	Gene Expression
ENSG00000273079	GRIN2B	Gene Expression
ENSG00000133703	KRAS	Gene Expression
ENSG00000123104	ITPR2	Gene Expression
ENSG00000087470	DNM1L	Gene Expression
ENSG00000188906	LRRK2	Gene Expression
ENSG00000018236	CNTN1	Gene Expression
ENSG00000184613	NELL2	Gene Expression
ENSG00000061273	HDAC7	Gene Expression
ENSG00000174243	DDX23	Gene Expression
ENSG00000135406	PRPH	Gene Expression
ENSG00000196876	SCN8A	Gene Expression
ENSG00000139567	ACVRL1	Gene Expression
ENSG00000185591	SP1	Gene Expression
ENSG00000135486	HNRNPA1	Gene Expression
ENSG00000139572	GPR84	Gene Expression
ENSG00000161638	ITGA5	Gene Expression
ENSG00000123360	PDE1B	Gene Expression
ENSG00000135424	ITGA7	Gene Expression
ENSG00000123342	MMP19	Gene Expression
ENSG00000123374	CDK2	Gene Expression
ENSG00000065361	ERBB3	Gene Expression
ENSG00000123384	LRP1	Gene Expression
ENSG00000175197	DDIT3	Gene Expression
ENSG00000155980	KIF5A	Gene Expression
ENSG00000196935	SRGAP1	Gene Expression
ENSG00000183735	TBK1	Gene Expression
ENSG00000111537	IFNG	Gene Expression
ENSG00000135679	MDM2	Gene Expression
ENSG00000153233	PTPRR	Gene Expression
ENSG00000139287	TPH2	Gene Expression
ENSG00000067715	SYT1	Gene Expression
ENSG00000133636	NTS	Gene Expression
ENSG00000177889	UBE2N	Gene Expression
ENSG00000136040	PLXNC1	Gene Expression
ENSG00000120868	APAF1	Gene Expression
ENSG00000111670	GNPTAB	Gene Expression
ENSG00000183395	PMCH	Gene Expression
ENSG00000017427	IGF1	Gene Expression
ENSG00000171759	PAH	Gene Expression
ENSG00000139352	ASCL1	Gene Expression
ENSG00000183160	TMEM119	Gene Expression
ENSG00000110887	DAO	Gene Expression
ENSG00000135093	USP30	Gene Expression
ENSG00000111199	TRPV4	Gene Expression
ENSG00000204842	ATXN2	Gene Expression
ENSG00000089250	NOS1	Gene Expression
ENSG00000135097	MSI1	Gene Expression
ENSG00000089041	P2RX7	Gene Expression
ENSG00000135124	P2RX4	Gene Expression
ENSG00000111358	GTF2H3	Gene Expression
ENSG00000111450	STX2	Gene Expression
ENSG00000132341	RAN	Gene Expression
ENSG00000121742	GJB6	Gene Expression
ENSG00000151849	CENPJ	Gene Expression
ENSG00000132932	ATP8A2	Gene Expression
ENSG00000102755	FLT1	Gene Expression
ENSG00000189403	HMGB1	Gene Expression
ENSG00000102468	HTR2A	Gene Expression
ENSG00000136143	SUCLA2	Gene Expression
ENSG00000136156	ITM2B	Gene Expression
ENSG00000139687	RB1	Gene Expression
ENSG00000102805	CLN5	Gene Expression
ENSG00000136160	EDNRB	Gene Expression
ENSG00000043355	ZIC2	Gene Expression
ENSG00000102466	FGF14	Gene Expression
ENSG00000187498	COL4A1	Gene Expression
ENSG00000134871	COL4A2	Gene Expression
ENSG00000185896	LAMP1	Gene Expression
ENSG00000100823	APEX1	Gene Expression
ENSG00000214274	ANG	Gene Expression
ENSG00000157227	MMP14	Gene Expression
ENSG00000100813	ACIN1	Gene Expression
ENSG00000139910	NOVA1	Gene Expression
ENSG00000176165	FOXG1	Gene Expression
ENSG00000100478	AP4S1	Gene Expression
ENSG00000129521	EGLN3	Gene Expression
ENSG00000100906	NFKBIA	Gene Expression
ENSG00000100916	BRMS1L	Gene Expression
ENSG00000136352	NKX2-1	Gene Expression
ENSG00000100934	SEC23A	Gene Expression
ENSG00000186469	GNG2	Gene Expression
ENSG00000197930	ERO1A	Gene Expression
ENSG00000073712	FERMT2	Gene Expression
ENSG00000131979	GCH1	Gene Expression
ENSG00000131981	LGALS3	Gene Expression
ENSG00000020426	MNAT1	Gene Expression
ENSG00000100644	HIF1A	Gene Expression
ENSG00000154001	PPP2R5E	Gene Expression
ENSG00000140009	ESR2	Gene Expression
ENSG00000171723	GPHN	Gene Expression
ENSG00000100554	ATP6V1D	Gene Expression
ENSG00000134001	EIF2S1	Gene Expression
ENSG00000072110	ACTN1	Gene Expression
ENSG00000080815	PSEN1	Gene Expression
ENSG00000119655	NPC2	Gene Expression
ENSG00000170345	FOS	Gene Expression
ENSG00000165417	GTF2A1	Gene Expression
ENSG00000054983	GALC	Gene Expression
ENSG00000198668	CALM1	Gene Expression
ENSG00000066427	ATXN3	Gene Expression
ENSG00000140090	SLC24A4	Gene Expression
ENSG00000100599	RIN3	Gene Expression
ENSG00000100604	CHGA	Gene Expression
ENSG00000036530	CYP46A1	Gene Expression
ENSG00000078304	PPP2R5C	Gene Expression
ENSG00000166165	CKB	Gene Expression
ENSG00000142208	AKT1	Gene Expression
ENSG00000182979	MTA1	Gene Expression
ENSG00000114062	UBE3A	Gene Expression
ENSG00000166206	GABRB3	Gene Expression
ENSG00000186297	GABRA5	Gene Expression
ENSG00000175344	CHRNA7	Gene Expression
ENSG00000198838	RYR3	Gene Expression
ENSG00000184984	CHRM5	Gene Expression
ENSG00000159248	GJD2	Gene Expression
ENSG00000172575	RASGRP1	Gene Expression
ENSG00000137841	PLCB2	Gene Expression
ENSG00000137812	KNL1	Gene Expression
ENSG00000128917	DLL4	Gene Expression
ENSG00000243708	PLA2G4B	Gene Expression
ENSG00000188089	PLA2G4E	Gene Expression
ENSG00000159337	PLA2G4D	Gene Expression
ENSG00000168907	PLA2G4F	Gene Expression
ENSG00000104133	SPG11	Gene Expression
ENSG00000137869	CYP19A1	Gene Expression
ENSG00000069966	GNB5	Gene Expression
ENSG00000137845	ADAM10	Gene Expression
ENSG00000129003	VPS13C	Gene Expression
ENSG00000140416	TPM1	Gene Expression
ENSG00000103671	TRIP4	Gene Expression
ENSG00000241839	PLEKHO2	Gene Expression
ENSG00000169032	MAP2K1	Gene Expression
ENSG00000067141	NEO1	Gene Expression
ENSG00000156642	NPTN	Gene Expression
ENSG00000167178	ISLR2	Gene Expression
ENSG00000140497	SCAMP2	Gene Expression
ENSG00000178718	RPP25	Gene Expression
ENSG00000173546	CSPG4	Gene Expression
ENSG00000169783	LINGO1	Gene Expression
ENSG00000169684	CHRNA5	Gene Expression
ENSG00000080644	CHRNA3	Gene Expression
ENSG00000197696	NMB	Gene Expression
ENSG00000140538	NTRK3	Gene Expression
ENSG00000140521	POLG	Gene Expression
ENSG00000182054	IDH2	Gene Expression
ENSG00000140443	IGF1R	Gene Expression
ENSG00000090581	GNPTG	Gene Expression
ENSG00000103197	TSC2	Gene Expression
ENSG00000162065	TBC1D24	Gene Expression
ENSG00000185883	ATP6V0C	Gene Expression
ENSG00000140992	PDPK1	Gene Expression
ENSG00000006327	TNFRSF12A	Gene Expression
ENSG00000005339	CREBBP	Gene Expression
ENSG00000162104	ADCY9	Gene Expression
ENSG00000183044	ABAT	Gene Expression
ENSG00000183454	GRIN2A	Gene Expression
ENSG00000213853	EMP2	Gene Expression
ENSG00000166501	PRKCB	Gene Expression
ENSG00000077238	IL4R	Gene Expression
ENSG00000188603	CLN3	Gene Expression
ENSG00000167371	PRRT2	Gene Expression
ENSG00000102882	MAPK3	Gene Expression
ENSG00000005844	ITGAL	Gene Expression
ENSG00000099365	STX1B	Gene Expression
ENSG00000089280	FUS	Gene Expression
ENSG00000169896	ITGAM	Gene Expression
ENSG00000140678	ITGAX	Gene Expression
ENSG00000069329	VPS35	Gene Expression
ENSG00000091651	ORC6	Gene Expression
ENSG00000069345	DNAJA2	Gene Expression
ENSG00000087245	MMP2	Gene Expression
ENSG00000087258	GNAO1	Gene Expression
ENSG00000205358	MT1H	Gene Expression
ENSG00000102934	PLLP	Gene Expression
ENSG00000006210	CX3CL1	Gene Expression
ENSG00000205336	ADGRG1	Gene Expression
ENSG00000102871	TRADD	Gene Expression
ENSG00000140939	NOL3	Gene Expression
ENSG00000196155	PLEKHG4	Gene Expression
ENSG00000159720	ATP6V0D1	Gene Expression
ENSG00000039068	CDH1	Gene Expression
ENSG00000181019	NQO1	Gene Expression
ENSG00000172137	CALB2	Gene Expression
ENSG00000103089	FA2H	Gene Expression
ENSG00000197943	PLCG2	Gene Expression
ENSG00000140968	IRF8	Gene Expression
ENSG00000131165	CHMP1A	Gene Expression
ENSG00000258947	TUBB3	Gene Expression
ENSG00000007168	PAFAH1B1	Gene Expression
ENSG00000196689	TRPV1	Gene Expression
ENSG00000040531	CTNS	Gene Expression
ENSG00000161905	ALOX15	Gene Expression
ENSG00000141480	ARRB2	Gene Expression
ENSG00000161921	CXCL16	Gene Expression
ENSG00000108518	PFN1	Gene Expression
ENSG00000108839	ALOX12	Gene Expression
ENSG00000132535	DLG4	Gene Expression
ENSG00000129226	CD68	Gene Expression
ENSG00000141510	TP53	Gene Expression
ENSG00000108947	EFNB3	Gene Expression
ENSG00000179477	ALOX12B	Gene Expression
ENSG00000133026	MYH10	Gene Expression
ENSG00000065320	NTN1	Gene Expression
ENSG00000006740	ARHGAP44	Gene Expression
ENSG00000109099	PMP22	Gene Expression
ENSG00000170315	UBB	Gene Expression
ENSG00000007171	NOS2	Gene Expression
ENSG00000004139	SARM1	Gene Expression
ENSG00000108576	SLC6A4	Gene Expression
ENSG00000196712	NF1	Gene Expression
ENSG00000176749	CDK5R1	Gene Expression
ENSG00000108691	CCL2	Gene Expression
ENSG00000006125	AP2B1	Gene Expression
ENSG00000271503	CCL5	Gene Expression
ENSG00000131771	PPP1R1B	Gene Expression
ENSG00000141736	ERBB2	Gene Expression
ENSG00000094804	CDC6	Gene Expression
ENSG00000173805	HAP1	Gene Expression
ENSG00000173786	CNP	Gene Expression
ENSG00000168610	STAT3	Gene Expression
ENSG00000108784	NAGLU	Gene Expression
ENSG00000108797	CNTNAP1	Gene Expression
ENSG00000126581	BECN1	Gene Expression
ENSG00000030582	GRN	Gene Expression
ENSG00000182963	GJC1	Gene Expression
ENSG00000131095	GFAP	Gene Expression
ENSG00000120088	CRHR1	Gene Expression
ENSG00000186868	MAPT	Gene Expression
ENSG00000073969	NSF	Gene Expression
ENSG00000004897	CDC27	Gene Expression
ENSG00000259207	ITGB3	Gene Expression
ENSG00000108465	CDK5RAP3	Gene Expression
ENSG00000108798	ABI3	Gene Expression
ENSG00000064300	NGFR	Gene Expression
ENSG00000183691	NOG	Gene Expression
ENSG00000153933	DGKE	Gene Expression
ENSG00000011143	MKS1	Gene Expression
ENSG00000108395	TRIM37	Gene Expression
ENSG00000159640	ACE	Gene Expression
ENSG00000108622	ICAM2	Gene Expression
ENSG00000261371	PECAM1	Gene Expression
ENSG00000154229	PRKCA	Gene Expression
ENSG00000125398	SOX9	Gene Expression
ENSG00000161509	GRIN2C	Gene Expression
ENSG00000125454	SLC25A19	Gene Expression
ENSG00000089685	BIRC5	Gene Expression
ENSG00000167281	RBFOX3	Gene Expression
ENSG00000171298	GAA	Gene Expression
ENSG00000184009	ACTG1	Gene Expression
ENSG00000187531	SIRT7	Gene Expression
ENSG00000141433	ADCYAP1	Gene Expression
ENSG00000177426	TGIF1	Gene Expression
ENSG00000170579	DLGAP1	Gene Expression
ENSG00000101773	RBBP8	Gene Expression
ENSG00000141458	NPC1	Gene Expression
ENSG00000141384	TAF4B	Gene Expression
ENSG00000171885	AQP4	Gene Expression
ENSG00000170558	CDH2	Gene Expression
ENSG00000118276	B4GALT6	Gene Expression
ENSG00000172466	ZNF24	Gene Expression
ENSG00000152214	RIT2	Gene Expression
ENSG00000132872	SYT4	Gene Expression
ENSG00000154832	CXXC1	Gene Expression
ENSG00000187323	DCC	Gene Expression
ENSG00000091164	TXNL1	Gene Expression
ENSG00000119547	ONECUT2	Gene Expression
ENSG00000171791	BCL2	Gene Expression
ENSG00000197971	MBP	Gene Expression
ENSG00000099864	PALM	Gene Expression
ENSG00000116032	GRIN3B	Gene Expression
ENSG00000064687	ABCA7	Gene Expression
ENSG00000104885	DOT1L	Gene Expression
ENSG00000104897	SF3A2	Gene Expression
ENSG00000130332	LSM7	Gene Expression
ENSG00000104969	SGTA	Gene Expression
ENSG00000167654	ATCAY	Gene Expression
ENSG00000126934	MAP2K2	Gene Expression
ENSG00000125730	C3	Gene Expression
ENSG00000171105	INSR	Gene Expression
ENSG00000076924	XAB2	Gene Expression
ENSG00000076944	STXBP2	Gene Expression
ENSG00000066044	ELAVL1	Gene Expression
ENSG00000090661	CERS4	Gene Expression
ENSG00000099783	HNRNPM	Gene Expression
ENSG00000130816	DNMT1	Gene Expression
ENSG00000090339	ICAM1	Gene Expression
ENSG00000079999	KEAP1	Gene Expression
ENSG00000079805	DNM2	Gene Expression
ENSG00000130164	LDLR	Gene Expression
ENSG00000130175	PRKCSH	Gene Expression
ENSG00000104774	MAN2B1	Gene Expression
ENSG00000141837	CACNA1A	Gene Expression
ENSG00000132000	PODNL1	Gene Expression
ENSG00000072062	PRKACA	Gene Expression
ENSG00000123143	PKN1	Gene Expression
ENSG00000074181	NOTCH3	Gene Expression
ENSG00000188039	NWD1	Gene Expression
ENSG00000130477	UNC13A	Gene Expression
ENSG00000105649	RAB3A	Gene Expression
ENSG00000175489	LRRC25	Gene Expression
ENSG00000223802	CERS1	Gene Expression
ENSG00000105699	LSR	Gene Expression
ENSG00000105695	MAG	Gene Expression
ENSG00000011600	TYROBP	Gene Expression
ENSG00000075702	WDR62	Gene Expression
ENSG00000196218	RYR1	Gene Expression
ENSG00000068903	SIRT2	Gene Expression
ENSG00000104825	NFKBIB	Gene Expression
ENSG00000105221	AKT2	Gene Expression
ENSG00000077312	SNRPA	Gene Expression
ENSG00000105329	TGFB1	Gene Expression
ENSG00000105409	ATP1A3	Gene Expression
ENSG00000011422	PLAUR	Gene Expression
ENSG00000130202	NECTIN2	Gene Expression
ENSG00000130204	TOMM40	Gene Expression
ENSG00000130203	APOE	Gene Expression
ENSG00000007047	MARK4	Gene Expression
ENSG00000012061	ERCC1	Gene Expression
ENSG00000177464	GPR4	Gene Expression
ENSG00000104936	DMPK	Gene Expression
ENSG00000124440	HIF3A	Gene Expression
ENSG00000105499	PLA2G4C	Gene Expression
ENSG00000105464	GRIN2D	Gene Expression
ENSG00000087088	BAX	Gene Expression
ENSG00000104888	SLC17A7	Gene Expression
ENSG00000126458	RRAS	Gene Expression
ENSG00000204673	AKT1S1	Gene Expression
ENSG00000131398	KCNC3	Gene Expression
ENSG00000131400	NAPSA	Gene Expression
ENSG00000167755	KLK6	Gene Expression
ENSG00000105383	CD33	Gene Expression
ENSG00000126583	PRKCG	Gene Expression
ENSG00000105618	PRPF31	Gene Expression
ENSG00000170892	TSEN34	Gene Expression
ENSG00000129991	TNNI3	Gene Expression
ENSG00000063244	U2AF2	Gene Expression
ENSG00000130726	TRIM28	Gene Expression
ENSG00000101200	AVP	Gene Expression
ENSG00000088812	ATRN	Gene Expression
ENSG00000125779	PANK2	Gene Expression
ENSG00000171867	PRNP	Gene Expression
ENSG00000089063	TMEM230	Gene Expression
ENSG00000132646	PCNA	Gene Expression
ENSG00000182621	PLCB1	Gene Expression
ENSG00000101333	PLCB4	Gene Expression
ENSG00000132639	SNAP25	Gene Expression
ENSG00000125851	PCSK2	Gene Expression
ENSG00000171552	BCL2L1	Gene Expression
ENSG00000100983	GSS	Gene Expression
ENSG00000125966	MMP24	Gene Expression
ENSG00000061656	SPAG4	Gene Expression
ENSG00000197122	SRC	Gene Expression
ENSG00000198959	TGM2	Gene Expression
ENSG00000101438	SLC32A1	Gene Expression
ENSG00000101443	WFDC2	Gene Expression
ENSG00000100985	MMP9	Gene Expression
ENSG00000124140	SLC12A5	Gene Expression
ENSG00000101017	CD40	Gene Expression
ENSG00000158445	KCNB1	Gene Expression
ENSG00000101126	ADNP	Gene Expression
ENSG00000064787	BCAS1	Gene Expression
ENSG00000087589	CASS4	Gene Expression
ENSG00000124164	VAPB	Gene Expression
ENSG00000087460	GNAS	Gene Expression
ENSG00000130699	TAF4	Gene Expression
ENSG00000101180	HRH3	Gene Expression
ENSG00000101204	CHRNA4	Gene Expression
ENSG00000075043	KCNQ2	Gene Expression
ENSG00000101152	DNAJC5	Gene Expression
ENSG00000142192	APP	Gene Expression
ENSG00000142168	SOD1	Gene Expression
ENSG00000159082	SYNJ1	Gene Expression
ENSG00000205927	OLIG2	Gene Expression
ENSG00000159200	RCAN1	Gene Expression
ENSG00000157554	ERG	Gene Expression
ENSG00000182240	BACE2	Gene Expression
ENSG00000160200	CBS	Gene Expression
ENSG00000160213	CSTB	Gene Expression
ENSG00000160226	CFAP410	Gene Expression
ENSG00000142185	TRPM2	Gene Expression
ENSG00000197381	ADARB1	Gene Expression
ENSG00000160299	PCNT	Gene Expression
ENSG00000160307	S100B	Gene Expression
ENSG00000131100	ATP6V1E1	Gene Expression
ENSG00000015475	BID	Gene Expression
ENSG00000183785	TUBA8	Gene Expression
ENSG00000184113	CLDN5	Gene Expression
ENSG00000093010	COMT	Gene Expression
ENSG00000100030	MAPK1	Gene Expression
ENSG00000250479	CHCHD10	Gene Expression
ENSG00000099956	SMARCB1	Gene Expression
ENSG00000240972	MIF	Gene Expression
ENSG00000128271	ADORA2A	Gene Expression
ENSG00000286070	GGT1	Gene Expression
ENSG00000100031	GGT1	Gene Expression
ENSG00000100219	XBP1	Gene Expression
ENSG00000100285	NEFH	Gene Expression
ENSG00000128342	LIF	Gene Expression
ENSG00000128242	GAL3ST1	Gene Expression
ENSG00000100225	FBXO7	Gene Expression
ENSG00000133424	LARGE1	Gene Expression
ENSG00000100292	HMOX1	Gene Expression
ENSG00000100362	PVALB	Gene Expression
ENSG00000100368	CSF2RB	Gene Expression
ENSG00000100083	GGA1	Gene Expression
ENSG00000100146	SOX10	Gene Expression
ENSG00000184381	PLA2G6	Gene Expression
ENSG00000128272	ATF4	Gene Expression
ENSG00000100393	EP300	Gene Expression
ENSG00000100300	TSPO	Gene Expression
ENSG00000205560	CPT1B	Gene Expression
ENSG00000100299	ARSA	Gene Expression
ENSG00000251322	SHANK3	Gene Expression
ENSG00000146938	NLGN4X	Gene Expression
ENSG00000169933	FRMPD4	Gene Expression
ENSG00000169906	S100G	Gene Expression
ENSG00000008086	CDKL5	Gene Expression
ENSG00000149970	CNKSR2	Gene Expression
ENSG00000004848	ARX	Gene Expression
ENSG00000198947	DMD	Gene Expression
ENSG00000047597	XK	Gene Expression
ENSG00000165168	CYBB	Gene Expression
ENSG00000182220	ATP6AP2	Gene Expression
ENSG00000215301	DDX3X	Gene Expression
ENSG00000147044	CASK	Gene Expression
ENSG00000008056	SYN1	Gene Expression
ENSG00000094631	HDAC6	Gene Expression
ENSG00000102103	PQBP1	Gene Expression
ENSG00000102003	SYP	Gene Expression
ENSG00000102001	CACNA1F	Gene Expression
ENSG00000188021	UBQLN2	Gene Expression
ENSG00000147065	MSN	Gene Expression
ENSG00000169083	AR	Gene Expression
ENSG00000079482	OPHN1	Gene Expression
ENSG00000130055	GDPD2	Gene Expression
ENSG00000082458	DLG3	Gene Expression
ENSG00000169562	GJB1	Gene Expression
ENSG00000147133	TAF1	Gene Expression
ENSG00000198934	MAGEE1	Gene Expression
ENSG00000085224	ATRX	Gene Expression
ENSG00000165240	ATP7A	Gene Expression
ENSG00000102144	PGK1	Gene Expression
ENSG00000165194	PCDH19	Gene Expression
ENSG00000198932	GPRASP1	Gene Expression
ENSG00000123560	PLP1	Gene Expression
ENSG00000077279	DCX	Gene Expression
ENSG00000147246	HTR2C	Gene Expression
ENSG00000131724	IL13RA1	Gene Expression
ENSG00000125675	GRIA3	Gene Expression
ENSG00000101966	XIAP	Gene Expression
ENSG00000198689	SLC9A6	Gene Expression
ENSG00000102081	FMR1	Gene Expression
ENSG00000067842	ATP2B3	Gene Expression
ENSG00000198753	PLXNB3	Gene Expression
ENSG00000198910	L1CAM	Gene Expression
ENSG00000169057	MECP2	Gene Expression
ENSG00000196924	FLNA	Gene Expression
ENSG00000102125	TAZ	Gene Expression
ENSG00000155961	RAB39B	Gene Expression
ENSG00000184895	SRY	Gene Expression
